packet_rate,avg_payload_size,unique_ports
483.7902447163846,640.4313974882718,19
394.992344405154,931.3401635053555,14
146.4957295082725,914.018015563105,7
353.93993325060273,1341.0356524816902,19
126.83840644661475,1255.657335778601,6
44.60099971063446,981.774009183179,11
131.42982743991823,1954.952756649807,15
167.67000879441153,1670.1252261956222,16
376.795764732429,1866.3670038618952,13
182.11061025642334,1864.7555821434246,12
232.63321132879761,1881.6306490712172,18
33.6558815042641,1593.9200491650313,12
288.2075630671424,851.4115625252425,16
144.39786540684253,1113.2875402580685,14
402.9500152562487,821.4481054841252,8
378.33689375593457,1919.7158525174975,4
451.2102841951848,1925.4729890295623,14
78.14401647803804,1006.9376127735569,11
41.619521917027996,1237.509849224357,2
341.9354647991241,1550.586903386262,16
175.73334271426404,296.0463066387507,16
493.39150173076007,359.8944276335492,5
307.77659430732444,1221.1515090419764,19
334.5559717005395,1966.1777740072846,9
333.63604562978594,730.864795567625,19
259.21702943718395,262.65539333439835,20
304.6715776609371,1938.5547547079811,9
12.305057449788762,253.62271691115592,20
387.63767956281373,743.9703396847477,4
459.6541891866598,291.99991112654936,8
14.71592415483055,873.8504323131531,5
317.74290862554733,962.8580853812888,18
240.6235094130653,163.94659402676393,18
128.00589906280203,1153.4197447163617,2
178.99413837597643,888.3866738141257,5
82.12714179991586,478.5970506063512,7
366.5970611446948,1971.3963030524983,14
32.318899100350905,452.67672030296535,9
19.126328869467077,1127.007390416549,5
264.2203737187999,687.0651430526985,18
22.19583503778857,1587.1793242788083,8
149.812306024853,1253.677032326227,4
36.37819551557184,239.64586692991392,18
271.94728146414326,1737.3454564535525,10
438.80121136636916,295.67685059801613,5
39.01058268254922,1028.389074957981,14
189.35333832889512,1163.5614153312056,10
209.25806253890647,1528.9489189265498,15
306.93837405224275,886.6735723444533,16
291.0227048232076,406.64602594741035,11
209.8485789167451,1752.9059797156651,18
161.79189181402572,1551.221252809597,2
360.13025464250296,1801.547789175675,3
456.073135386218,541.1754427286737,6
415.47726849784857,1747.0361603999174,20
233.1064794007197,1145.6958446609995,12
318.7443679060207,956.0179827196437,14
419.2832965394829,207.08498491735293,20
369.44622558566397,719.9088964935034,15
397.70811756613267,975.4912146959234,7
133.97172324872145,1037.9594706032956,17
462.6350752131294,1942.7480073540034,2
72.59022026844937,1584.6932924274868,15
360.5144577388364,399.71071356420777,8
169.61259614811775,1312.2860695127026,7
111.26261106193321,355.65862016190806,16
18.78032069787291,1697.7719517812732,16
426.8881248562587,1544.5921217453931,2
158.55723394003977,1027.947705243871,4
101.56308167821766,1974.8998847491305,2
322.9778708689851,679.7077361832794,11
176.65623316211853,1231.9270124110562,15
165.7426686355108,1850.5852397962158,4
272.19347496305,447.2055860352062,13
131.9049891194206,987.5739304063082,1
441.5977827929341,854.5204190894764,7
428.30214531969807,1325.2869371980257,16
28.91437089384617,1728.396368829141,19
360.4794009953468,1889.2269773535756,12
424.59009177746526,193.407631388505,12
189.87806954511802,1132.8674961087781,8
281.8393998164289,1973.3623349071352,1
152.61439438003697,194.33057795612956,13
492.6581783784859,1405.2391343728907,2
15.110273511387742,712.8899865719696,12
105.60166089370865,1473.906333695536,14
370.5561757456424,1275.6084738595082,7
197.73458699768904,1305.8864405090108,8
107.42331929018039,288.22708948245213,3
366.58691867834074,432.0273448440819,18
181.47509452772425,323.6035407407582,10
107.88625552827945,983.4197474171204,7
333.811821372326,526.7353260421155,16
182.98120917656902,1868.908936880696,6
161.7296952856413,961.8091795287039,7
366.09204135050527,586.5715160949969,7
65.60529269205276,616.6667669517458,6
120.93288540639124,1411.2216354008704,12
424.523262268478,1437.2809253543896,11
472.62416796798436,125.57407106894419,17
272.8549976251845,1393.9003550448535,14
362.10726623687617,1139.8126391707833,1
216.40296644919258,634.0911288011662,14
494.45400508979856,1981.4047183713053,1
274.8947708686891,1229.532954274272,11
98.6720567512148,1788.8643682597726,12
449.64358540818216,207.50617573799587,14
299.15863086765745,1799.842695119245,9
48.63119609210134,570.3839979684778,13
18.052026838553033,429.5273209918924,20
396.1534368170924,1077.0363909711127,3
219.48062295644297,116.1368823581434,2
308.95251776412374,1334.0696627860557,6
74.66393707497014,1029.3218244457757,16
358.53809649567563,1831.0110471767603,3
32.38557449494145,1522.1517118185886,2
443.0846495471931,1968.2353124220285,4
464.2961564959291,1264.3011880911727,15
154.15722056346291,118.0924699260139,8
390.5423957900279,850.4183293317319,18
185.68941917398777,1680.2007154061432,17
288.75340893316803,1165.723102034071,12
247.5336469152321,1685.357574041197,16
381.1152627569287,1785.6468014611166,8
228.82438611540215,1729.8634046897037,8
179.11914235892024,254.68745377318893,11
480.4476799934056,974.75696170615,13
322.85934838822953,1292.7615136714148,15
89.298169317738,1171.0329709764194,3
179.80447778793297,694.5824261361047,11
52.516013642603966,834.5798260655537,9
224.8116086002385,842.1495838360436,4
161.0830373740575,1073.8209501552546,4
412.46691843746765,478.02811269768483,2
132.2245855371146,1981.4705675263658,7
28.825800883542453,875.7209964674089,19
58.899209111321134,1772.3406653638083,3
157.18004386001533,139.30950936964092,5
452.4176028337223,322.2109151993742,8
159.34532399421744,1426.4264288220363,19
130.51583213794171,1056.975270964589,17
430.67736994947967,766.5076472701046,15
311.5384220771314,421.9652345148068,16
73.29997051397137,1404.0393789023099,8
79.77174038108204,1366.9969287188346,9
386.01928769088704,1085.2252421349617,1
440.3741004621186,483.73999051943883,16
293.4178899324404,674.753839798649,17
407.8730258587575,432.7432504584396,10
13.22998787232067,153.88321826609462,4
105.4522521680966,1709.3425109620368,13
175.0956094191502,1474.1549998723872,3
208.99603238325562,1529.1574095160013,14
233.83830394026563,1928.5157430258423,2
94.86380531614215,840.1876196542069,10
232.22591605713248,707.2569613588166,17
441.8445230713229,678.7830723101441,2
33.06897316889079,657.5495946435036,16
375.4975610376256,562.6706199179794,13
129.2905146320975,1203.6258997790442,1
272.85644035336867,1045.4340105452845,12
431.67765207139047,1548.2992550143408,5
168.66545992122957,794.1027944022801,8
235.29209589710376,797.3322354839629,16
26.198665745319367,533.9080809535124,5
126.8287812594834,254.892127502035,3
284.4055777354252,901.7441016874802,20
171.79161182822136,1903.3130904583973,19
33.738594808098476,649.9778643424183,5
479.9871804085387,1310.880960707428,17
299.39055686818153,360.45454172617593,13
268.10317530472616,1868.4528102320262,13
41.743034876776996,1277.7093099888252,6
256.926016107068,1046.9571902572488,2
424.3025218503014,195.6665456908366,18
369.804933812624,1658.295751213945,18
179.26354491046203,273.44170919299506,5
208.11365955855564,104.7111464855123,17
465.3362796530072,1278.3881832924433,10
306.34252339082565,430.45406115066476,3
466.5481700428229,688.4255063481901,5
458.1043530583348,1439.5098839821385,2
28.837739783371106,1785.6491360176365,7
480.0921613022469,294.53665561605703,5
467.9313285103257,366.46210123034933,15
265.439228306254,1499.847300181712,6
498.12256634906197,1367.552016693142,3
377.7408066036643,1123.8277845786902,5
45.2695839174372,1894.3013250219924,9
454.6642251837025,1667.6920500347499,6
339.3299577905244,633.5995468949645,13
222.12114977839926,531.1258885067439,2
157.506028055914,1234.2802137705967,1
472.1816736921538,941.771538116822,3
344.86234965845114,832.9210532295845,19
18.625065874155947,952.802626365862,2
403.38053882491005,811.600633829783,1
56.89170575804574,1291.4312118909197,10
161.80697236057387,1818.325949266654,7
223.9786746209752,1202.761632846877,15
457.3143110012334,1185.1613884950011,2
26.692436113442636,1512.8355549842308,12
37.67569872104245,1089.2781716476907,19
147.27836834898713,768.0001600587528,4
190.6655242130016,620.864225720913,19
38.629062200062116,1575.245925449091,6
115.92183445825361,270.7834703771127,5
476.5276041366099,1653.1773583920922,12
143.06391558540406,1452.8652856777423,4
271.2179982994502,252.1645084172438,4
381.67290437981217,1672.715405040788,13
115.76933867038811,678.233579090029,13
362.48341983249037,1442.216597372378,15
306.6501109103354,907.2660966421412,3
405.7218127384731,635.7968295386395,5
276.1501516824174,1921.219066481271,11
66.19191725395007,1527.09163380502,11
476.7530017318046,1037.2088521712692,7
411.4421195406077,1664.6620186993985,20
239.829757718529,1805.5759433447176,1
77.853331844582,211.73751807489657,18
322.7706025484597,1500.3458126073272,9
336.7515308932969,1074.791356040462,5
181.7518223695317,1405.9646390498092,14
82.6268209247061,1029.766948813741,10
232.99007127215702,343.79255036868346,19
113.12183271605662,1356.355555527448,7
51.56398532927313,436.39202300609014,8
186.82356549103562,479.80671267805457,5
24.544720090596115,1050.7385771966517,13
103.91963046022441,312.9910523584456,14
177.37177118514657,737.3206094325368,3
76.55742752201022,597.0919901541426,1
361.157405125622,1262.8281351733651,3
68.56157961255565,595.3687686728199,5
415.8907363487153,1036.5031972801044,14
321.07826700985106,1703.3465517996538,3
223.54067530194186,1203.8769299799828,9
163.08993187255976,314.2286971410671,20
280.29128484038233,510.57774136561113,3
488.7987915093052,1429.9478747292455,19
230.5636630827565,855.3799111102854,1
51.35542175501554,797.5452392477781,2
253.11010779126013,647.3078406002804,4
492.9336931305818,1202.2454605827406,16
293.4867207703539,1238.1284050732816,13
299.698048330661,955.978080355561,17
99.95037051835952,194.43598882519723,18
83.71526348275763,517.4647410166916,20
125.48432864770946,729.0026149694738,11
359.0797144226643,1364.9868065462192,8
255.49754498906168,1834.9528224700614,1
250.22771261528527,1527.5146743892428,14
447.13234782835957,1786.968143432975,4
485.4683962342151,253.20584225635173,16
355.7302398300473,1276.380792864564,20
49.80822757007291,1862.8684366648,4
93.10458076627219,1724.8633935773028,20
280.07099323363394,689.7061852258082,14
87.52802666683208,1946.7364818736132,5
111.83907726755167,1882.1706998238787,8
195.9964734796974,745.6294750251379,10
57.45808793402755,550.8873620873349,3
153.37392860651562,1062.3882583336242,9
464.8200649515771,212.19968613592252,6
357.9974409258539,1968.6291924890882,12
451.84452298844025,1264.0724838862745,1
366.2212361141919,137.9886193294247,16
41.61485549102109,1092.508951456984,6
33.10565581036236,662.2497079010222,5
380.0084979586392,301.59909968565,12
425.220027165778,854.6468908726308,10
21.544861687310743,155.08266243757998,12
467.7764733352827,1178.5007030361523,10
244.5895210024339,1921.152228488868,18
58.848614078448946,1740.787870129166,3
275.495566747925,1085.167208297765,11
270.88676749985484,355.7190321277278,18
74.64104616717854,770.9692337301008,9
273.6717417675875,665.3154710920339,15
250.70616783113445,1276.273652300923,12
83.27118769647922,1103.5741759579419,3
334.4965224023337,1795.1877275032448,15
262.5338587310075,1647.7469506025604,14
429.0381072826566,327.891221533385,7
434.76659453997945,1590.079927348745,11
429.06360032601617,324.7825358442035,9
323.2457951444955,1479.6683008581722,17
165.99368622653833,798.7537110604231,19
159.60370106826707,325.92359703293096,6
121.91515864991017,1130.159090548955,16
477.38365748791836,1364.7694721790067,19
214.29652339283177,881.1183692864238,8
205.70859129914732,689.0537945295516,15
119.1797733200813,678.5282488919762,15
75.2515706501388,1456.380798227325,18
84.41916764117384,1078.9463499861513,9
339.64748165590396,956.9974418997818,14
75.2427210979239,1359.3978459599248,8
147.52005125972556,155.32627090446485,9
235.29789304251997,1954.7086495357532,17
40.43704883104425,1922.5759806346844,8
403.4278430978405,1453.3432512283034,13
143.4185564482672,263.3787485424699,15
293.66599698424517,244.8134843183491,14
194.12653357480363,998.0436471287846,17
110.82193034169453,605.5267781911734,20
231.63256462231044,217.45198926846535,3
154.15918749108107,1378.2726343958973,10
353.4554510453658,1042.9793056673527,10
288.86233663852835,125.8158825927969,14
270.7867219698377,1457.5815665840862,5
206.08953155617183,126.94294262057576,12
78.52543672770199,1337.8046933836165,8
445.3941457325978,1446.0827924930593,15
431.5484278439749,330.3293262047344,1
182.81116035225736,1555.255181849743,19
430.36041645422375,970.2974295446782,7
180.75844265304465,1574.8460136396,18
442.1134474565866,821.013131886545,12
315.20522235326337,1917.7741719581636,3
374.8721975375529,449.84968636085,5
195.3104580165908,373.2032356667115,18
470.6458687124836,1094.9014577936794,1
278.22117275662686,1084.2042110317552,11
349.5782934188479,1092.2734387247192,16
216.84002921299145,457.2058618352013,19
463.3091886668472,1126.0418918971902,12
274.8628366648866,353.54068152110614,3
162.66292874084502,1833.900255118051,7
396.9522783602882,1178.0381913011754,19
245.46486252449373,1753.9826480655138,1
32.413998127670006,508.1713769111333,6
282.6827414778887,252.13722524076456,9
99.09817792739346,462.7095669520776,7
48.865280675894894,1485.673241833495,5
98.89383350316464,1959.484283444681,9
460.5119284956846,1134.4743921104707,2
441.84437565263505,1289.6134819041347,17
249.54628208382056,1084.1651835843068,6
432.85101732453825,734.9193544620911,16
477.48383487163096,438.426204725365,6
441.8998897078638,1728.038048921312,11
449.30457526248966,282.3522501205898,18
256.8356346947405,1273.3493637702213,13
393.2515800267763,1505.8758351110837,8
443.46803256909203,1680.8398896632903,7
287.2794112051646,1075.9412921710107,19
386.9003745418821,360.59309127635294,1
66.16809627772247,541.0022144977365,14
421.1766413158297,1974.0070273423767,14
231.00960027838974,1916.0987031333525,3
192.9228089855419,598.9497205833118,4
142.23934937972942,1883.45991908778,12
189.70445003629104,910.0437458848122,11
363.5097257505956,1319.2277712119585,1
270.0017271501889,620.634277476587,19
389.69899865342944,1313.1234144234054,10
382.29937619732067,758.9559691132331,5
19.784550870060045,837.7582083735202,19
311.67742670558016,625.4061150204335,15
29.611317530460155,1509.065828851054,10
415.49035559898283,960.5627412215928,7
38.23172667104234,1286.3728647679034,4
53.65650420387302,899.9379443889466,8
216.53583274518436,1773.7430317017847,18
437.32713594069435,338.89017393711987,14
490.9457034528685,1900.8987372975262,5
346.0374635676929,1336.043597527911,14
307.8912567808379,1636.6248425120577,3
495.5587156316656,984.0236013217882,3
82.0457221486049,1310.6157996688532,18
269.8156891500513,316.0968931679483,18
303.1298980881969,843.9665413883611,18
375.231388440096,422.2513843598477,2
374.77770141949014,636.8381531662939,6
338.30780082662267,1895.3622174642871,17
412.849983049199,1071.255007099091,2
96.1196032778192,228.60073664295123,4
466.3104748338009,1780.2514482948213,17
226.44968473158528,934.6203583028891,20
302.5616732097115,290.23890905089684,17
454.5420326759166,1832.3900173508114,12
105.86879878513693,1104.7217469559027,6
399.8106721372188,240.11972384573824,5
477.2806666261665,267.39072746702516,14
432.8654644037785,437.39425578150787,17
150.66378032563878,535.0768283648175,1
65.70782652157922,159.96600459506953,8
154.89888820032203,390.6924216262521,15
256.8684852282739,1961.2436022324016,2
460.315535015373,1809.989795952112,7
200.88043976126042,1183.9841125800363,6
450.1265464362581,810.5266521613623,14
494.7763060076518,455.36124575982575,7
334.8307881799527,1713.0783657232535,4
377.9524316586293,318.69284883469373,13
215.4949361648343,1079.0483670045817,5
59.589003051853894,1603.2880190294704,7
454.760937542529,1166.6373285214793,4
20.360764460634268,1496.5097086182852,6
279.2251501859693,1516.0022929006038,4
322.6038976294352,250.101809486165,18
301.50277456373857,1223.6433130660953,7
284.8509527668985,1899.8267982553473,8
190.0184322083889,1728.306131775873,16
54.7865030370425,216.4703650816387,5
288.5405633315594,1600.7062229025225,16
272.46981695087,1467.8928150142729,6
32.38256534551955,1914.2047710396084,13
368.67804054631404,966.8186116973657,20
159.26087387940805,332.91392624098614,20
294.1233516989935,1570.3830291203988,5
103.97348482928531,1387.1545535337991,7
215.28776329549615,1287.5678732944375,8
273.18442990628813,1989.1467734375124,13
62.20128772789488,1511.7577967481063,16
279.5079874025161,521.4524730672304,14
99.73537738676637,1176.1930748204595,17
387.790713460257,620.5048009414922,1
80.11626596198298,1421.9504541405995,6
62.109406855197065,802.8422449148392,15
275.1179735064363,1595.502192653076,4
488.7136969580601,1542.404915104716,20
75.51992469440322,1982.4798598444866,18
162.71219878916398,1084.486181271537,7
306.23304153852837,731.0100200844971,7
96.41155069386873,626.9091822922329,17
280.75025181985694,1506.8617934127342,12
183.98531248663235,194.3659872838781,4
166.14616865362976,1092.3227399885855,16
262.92317875365995,1166.8542994643637,15
219.48209001425388,1365.5255483998133,8
381.6819044965546,1090.244653594817,11
147.80471705630976,1828.781572586157,13
266.96851598678296,1783.0083072871953,6
222.56621062130208,1312.920688116637,4
47.6202587689591,790.3886617980617,10
393.7967787623828,593.8495231662922,5
384.61334984877413,1783.7144201702458,8
465.3124414266565,151.4998182341009,16
480.05969708075423,653.0810027532417,15
431.34084338685386,1215.5134287337276,1
482.7539638174461,1244.5336189334398,8
289.2908240317053,222.92716196978603,7
330.14505947948334,1253.4872038098556,12
15.186777531485758,623.388831781157,19
89.90759128153097,231.61066551035387,3
337.29886258931265,1541.2860503131803,20
66.87176855517507,711.6062024044855,8
256.125757548143,1029.2409067060953,5
383.0679732677303,919.2804754922622,4
469.1754245452082,391.92629595140704,10
406.14943314400097,1283.4038357799059,14
471.95859604506546,1554.7117310856581,14
461.0441363639219,402.606463785809,16
335.7371162933475,1327.089468583213,14
210.25195604297448,244.74179575227083,7
276.29148539938177,1717.914188884058,10
312.90524446763175,906.3353490912015,13
339.1399483440079,1956.691185788453,20
420.22175693516124,1348.2790870141298,18
487.7193173512275,1594.6316081013563,1
349.92742559609786,1042.6681385600036,17
23.846083133161592,1171.7606753357684,12
417.1769566212818,1504.4784418195452,1
208.940941337561,1238.3503047450338,4
78.48660860876265,979.5272352302796,11
389.4804683445971,1303.4097631090324,7
112.47840916953164,184.27738444620888,5
494.618630218149,264.4733317129824,12
240.78896773788705,1907.3441113334375,20
128.7062530061106,1322.1430655711097,20
208.72901995028053,153.31426457834797,10
471.49308738757196,434.5901911590819,14
364.9753200838955,1033.0573083450108,13
32.62437389672627,177.2388253006493,1
132.33473726607417,1262.88981960018,16
167.88262444263844,1036.0719516261552,17
177.05706707115982,378.16100110989083,4
59.28402941116257,567.1623153834521,8
49.135589692138765,1856.885796696521,5
12.735082164564915,561.9739043586255,17
113.83657083952994,1523.7600941982305,1
425.03238770397166,100.21627236328322,10
476.99835685805465,531.1232854297722,8
192.87835019283756,368.10899646447217,16
278.5839633354021,663.3442865456824,2
231.78633163984645,1743.5823567496968,4
135.5281555199286,594.8970763399038,19
358.5514765827085,1474.0123605363551,17
385.52220439891227,1096.157223047924,11
382.6094878552817,871.3675192120462,6
354.20882498519967,718.3519983897835,6
492.9029969864718,1210.607660481867,14
345.7922892173094,420.0775205715041,2
184.09277807659953,1154.4415809741463,20
423.30874774306693,962.1767856186947,9
324.38591557057845,1421.5394476464612,17
268.1326682681461,890.4744399687534,19
72.52699653243621,1832.7488650817018,13
488.3052195945718,1282.5514511738218,15
224.02057273481154,402.2437817129569,16
229.78687560795444,794.4216408354222,8
211.87718669766267,1781.9457817034356,7
213.72362328027944,1033.2642929808194,15
464.4066585146062,1611.9949753244698,4
480.3337945931033,1986.3484939315763,9
323.28700727174623,341.6628290185506,18
496.3520872078634,1725.8410413330478,16
330.571367270349,1222.5177176088187,15
191.4370250747322,1932.5740526326917,7
252.54175542983842,1581.2206770905493,3
201.704636873593,692.573961680188,5
349.1010970153069,920.7321403429004,16
177.0973265851342,392.18957128814657,17
403.35885861219197,609.3956534097654,5
45.93471649598475,478.721577209272,19
326.6905234538922,977.0923470966328,18
155.8845049241248,550.7338321458897,19
14.905045308922734,567.3802411163729,6
282.11713850658987,410.0462304958574,5
383.19319147750383,600.6977650560694,11
25.359707842045886,1369.93146652143,7
102.07071925230674,203.8770127504047,11
432.9513917139996,691.4615760207814,11
19.178383962644034,1536.2979216385372,19
420.42469822159313,202.32141013107912,18
368.6177110128705,919.114718816762,9
241.25827483428924,167.72394652273238,9
365.9109259936432,146.7796584012542,19
174.22181283273449,348.20607721806135,9
42.92698766533339,1647.2808381735717,16
342.01472159905916,286.5089055195832,6
16.474202739604713,565.033954216143,6
394.22592810862545,1936.2623917161557,17
244.02310266741955,1062.1869272662288,10
277.4052427039074,1116.6479160033177,15
335.8605149924072,1539.9907680085523,5
118.08542856157634,1040.683403906039,1
429.2734541209013,669.9452860849073,15
102.90805014295398,1674.5586508537,4
49.0215827073228,1939.8471227445154,6
160.31635709379452,353.18743212678305,13
182.28376773511832,357.88816765144094,1
173.5471959823755,1845.9209018932343,17
303.9795541068757,363.11070079908035,7
290.96131445723466,1987.5931376323974,20
330.9366668403523,191.5349536993332,2
42.70762088277563,425.9839091774239,18
245.9245867907784,1725.4491532036848,6
117.48329140252604,386.5680550623392,6
76.66529964031497,384.6963031684158,15
110.39988128800799,1625.5029201785367,17
244.32073289809304,717.1025329363172,11
184.35247971224973,1308.7372549963143,10
237.2806440516794,1716.1920468616793,11
88.3158004635718,1329.123383745839,19
459.2745931530939,213.22762029777581,1
201.67301108108092,1299.2829580716643,19
131.54499225512782,861.4460375074883,20
295.4050627153165,416.01642878156207,20
178.16428519647891,1743.3548133349095,13
132.4292574851135,1704.5751856612428,10
169.53536006317574,839.3087892733759,5
87.76393434349087,1330.7250415672456,20
173.0432582817838,833.9921487394789,18
35.654181829018036,1191.2469376700817,18
80.26171408500895,1031.8039295316987,19
288.43611645307897,1066.3025809994524,8
228.69572861619855,1381.0609093481876,6
368.31633109966623,691.0009792561191,16
388.6384913581647,1087.4744548773745,20
206.75787058467327,497.4536853631176,3
191.1462955229035,1105.3272645523357,8
217.1306206366559,261.46238465624447,7
24.961178107854245,500.3649438899439,8
69.4617008327534,673.3310996988877,7
115.0511720467488,280.5744556481178,9
373.0899159141665,308.0056937160481,8
275.5906639839776,611.0313374526127,16
367.3211521047613,1333.5081805292912,5
126.48333986916401,668.2687694907231,11
307.9811321346138,1349.9660448007808,12
30.67132652965182,724.2860171967503,4
119.35134814550776,1682.6322138897767,1
413.6433739825849,864.4109426411193,4
262.7403711945376,1098.0373226143893,20
58.19821653562842,328.9187367730702,6
481.1531544253041,1265.2817261283246,19
224.61578794709655,896.2647727973776,4
278.0662771390315,246.2943889404683,11
109.86955015090565,1252.6935463321288,20
262.01595857661766,816.1424015285633,15
81.41642175261644,1057.642525507953,17
22.177511998181615,331.399463663347,3
295.22264267407604,875.6502912363388,6
269.0290772030363,1037.2394619577844,6
114.87592702093755,1982.4665387844998,2
104.01459994622523,1809.758325709222,5
136.2344737450337,1916.3054726560372,17
142.25237169479203,1102.6942120094313,7
408.7143576069028,167.53573118218065,13
476.14837683211573,1954.7978919544082,17
382.58365274151686,691.6812134692351,8
251.6247336354596,1094.6135418822305,20
132.3453450286494,717.330059150201,15
472.26944021892535,1973.2869755564038,7
66.13398140406304,549.1159898191746,7
13.797012594288713,1557.959891523818,1
111.42375730646756,1506.5886327587225,10
31.897996717039963,1559.7287909822264,16
46.69118755270719,386.9267500607229,7
111.36114770093246,1787.3159846871313,16
439.62337369643035,547.4052775424295,9
372.69475528608314,816.6533782097644,14
352.43486401597175,1475.390735975584,13
238.01962680363584,697.6642587705603,18
59.96364775118365,1356.4403661685894,4
48.52234017606841,906.1297508218064,3
488.9521340208792,470.18168709581244,17
36.594261772692235,603.3313903695492,11
92.19815270852503,228.90744256909738,8
97.63523291665015,1065.377933831899,8
406.9297989394076,1068.2269564974376,5
326.91769447598404,778.1564560704238,7
264.221643415755,502.3398917659895,19
29.494813053461286,1745.9597822458334,15
120.52986500920983,1669.7837321593834,11
60.0311958939393,480.4149714694725,7
154.76654051151488,1189.6576625836465,8
82.06776619914469,127.40233727975033,11
51.81224465252066,1951.9638413452926,13
327.6752736486899,949.4138100909054,4
153.88281393477837,1925.7304220185908,14
126.86457912342492,1346.1519377849472,4
51.526561501083215,1214.3339378305923,13
205.1210253530431,693.9322772001301,8
244.49784065259712,1227.043296432802,4
440.3698468702053,727.309950935353,11
60.13960052445719,514.6759402227087,14
395.1123695645199,149.8696615170545,15
483.53353436522593,793.1544481023354,1
31.961225626810194,198.1401798981114,13
444.1127806757389,1381.9376668944556,5
145.5124561797549,1010.8768754872159,7
210.82188397123153,1882.0770083613181,20
20.80904741451881,1350.3694439382527,19
201.71178162536802,1619.0356174795327,1
113.27268535510022,764.6013271178954,11
87.83948223551019,792.7585559777614,3
108.27891286070955,1130.068049708162,1
194.52316768295074,1728.7191758430934,15
86.34997387117849,1094.6641400811473,10
108.53239529886807,1811.637065429234,9
177.1929771963463,833.6183365172253,18
11.84162579311444,944.0507710167524,6
74.9133115716274,1030.7615104190336,19
51.75095518062711,1985.766013402293,8
417.48649236566314,1041.6325089557513,2
381.57886353031506,526.3517618462088,15
303.3011644484572,884.985026621404,4
99.28707572509553,162.06152241832632,4
297.236971870419,1261.312708403441,8
497.90381334816277,155.3494460357457,15
268.48975885129073,421.4110488939881,7
376.860675046079,327.31152404320153,8
303.5638652113171,270.9794626520843,18
113.5905419021777,136.4837527642384,14
188.81260829754584,160.72775333615866,19
62.8974906361248,410.7629973457524,8
335.8351319819861,697.4774293402722,18
125.68672482121629,1312.4332378369008,12
357.48157329191093,1740.2638649230685,13
226.725724902957,188.80726803754484,10
17.35635908923546,453.86740417945447,9
97.26859851047351,1613.0670581887257,10
135.52119369736292,1664.3119185615449,9
102.40362312216268,570.69029881438,8
126.36234106184709,449.3591182184415,8
388.3781458560448,1517.3742526550125,14
287.4200403952781,1522.312522047568,20
450.8608274834388,1809.706903299764,17
50.046103841689444,1617.904265406105,20
156.0655619817431,1083.9949175904121,18
412.35870930218806,766.8035530461165,2
63.935972349773984,1746.421210663193,16
279.4180978441507,789.9334407637446,16
392.72694841464784,492.79657179052504,12
373.67797340619234,1002.5356604514099,1
132.7207863595439,1493.6410934897783,20
97.1676210259514,1101.7717663880142,2
439.96975273810835,1313.9780270806264,8
195.1687300307846,139.0769637333287,10
483.56226289093655,101.71105360986552,17
66.97892464153324,1647.8945181164509,7
260.2088742073795,1184.3125839562988,2
116.18248054929954,992.451444560197,12
123.95233810296192,1952.7919941753973,19
206.19249282552147,328.69802615143857,6
499.9812632260818,744.4558316681613,6
225.5276551202639,1189.6306222169285,9
73.68828113415104,1404.5169265442362,6
376.0954360928996,136.93907767116687,13
300.927277198393,934.8102612585144,4
453.27541155879373,1312.7660398820356,17
20.497099731466463,350.2713412403739,6
417.02863954024184,693.0320200372092,20
210.9966481128454,1629.7365291541541,10
132.96772092667146,723.2048276790541,4
441.57500613444245,1043.6864946017681,10
254.17156805699963,1798.4691784451816,16
46.64814829537651,334.0137178974961,19
100.60737101703432,539.697743884285,12
28.448236832957345,689.0494827863198,9
296.79998803127165,1379.6147803830866,15
348.70155641428113,1574.2048770336758,3
325.752509800236,359.6808821334033,5
181.9654973919663,1133.3276516037793,20
232.17814049554542,1297.0292319229065,6
16.343165681316023,236.29850239121123,11
247.70136937728785,1966.5851765335128,20
122.1929275298341,109.27530118854317,1
223.502482512534,834.7619961348572,10
43.60585300586641,133.5548809525982,1
46.18369436177839,832.3772505149334,5
261.8064291813605,352.24622210969153,10
319.81900418874625,1768.4962048177244,20
51.97672061770246,604.8436926811777,19
238.58708711794256,427.52711490876845,4
201.64867530269842,1556.7083041074522,2
318.03077637525035,1041.6069537428302,19
387.82830861837454,535.9934121090632,1
111.33426942601903,435.57995578124746,3
362.8624027589227,1615.501787898558,5
246.33351998323928,248.2994246490274,19
253.7329521936432,943.5269823572156,16
237.15462956832323,1161.2394885538467,12
350.0356844632444,1054.5399781004403,3
487.59864433499865,574.2842831092607,17
237.6884285491456,961.4899182519263,8
357.8216840779723,630.2707356796973,11
441.7306639737419,1063.0479124240437,19
247.69150755085,1398.5089244133296,2
180.71300298533822,1845.3906831499323,13
37.437705455563616,1160.260130616861,13
481.04486810677133,1148.5671403845638,5
418.9723461943285,668.5660431798386,20
326.6324587301498,993.3657828730659,4
95.76463258033334,1922.1494743620362,7
382.76892089749543,114.81882842222839,18
382.51790448850124,196.3013180642933,19
32.33712661301519,1854.315493679954,12
115.95163134473923,1244.4946683230548,1
55.57138559819318,257.0545940039376,11
261.9007291922445,218.87589837864329,20
391.8414991124121,206.14410323463224,11
218.8190035769139,1079.1024951279353,9
57.88974569280016,522.0296924552351,4
172.24431436837963,1207.3245745406073,11
321.20791022399976,1862.9243255002336,3
136.2426060580791,1515.3271168763008,15
429.3659616747091,1830.85537254104,16
89.65600518802339,516.7565510278416,1
362.3978517496341,1586.7660556717804,5
425.57452935129777,652.6383940065043,9
130.61473147917297,1931.260651758213,10
453.81977063578825,619.0672513646776,15
374.9159091799963,1006.6271390713067,4
299.76321572229256,676.7970134324607,9
384.5936759622501,1239.5605345123972,2
228.65257190738313,1449.7933227994733,5
48.816245831647656,287.214445036597,1
485.7107302061493,550.3344803671209,3
144.013495229796,805.5884353355868,4
85.59063892439619,811.7880328876028,20
259.5774209455732,1921.4027262851032,16
384.58696869626635,658.3788678081385,4
425.69971604883534,218.72580686884743,8
409.6445629965769,1087.855011282581,1
354.1287000439735,479.52784138592233,8
485.73747947967547,1839.4432206366832,19
92.91830151267138,877.5729968576009,10
367.7992897094508,702.1946428926144,8
366.05556450187913,107.88513865788077,13
278.34606107455807,362.00516048029846,9
211.31198506901026,585.6001460621454,18
147.91281141980366,826.6664812767001,7
303.1576622525052,1451.2270289267951,18
433.1168908676299,1979.4571376028641,14
330.7420620350199,1275.710672896633,6
411.4122225665706,302.5360788143088,12
205.19125725319208,1888.8755306132714,13
227.18663016597648,594.390321236652,18
488.02473525319334,412.92206848383466,19
462.1576230191965,1586.0002615543397,20
50.123276895298886,1053.0023443773002,11
27.11319577076416,1625.7347984740722,8
206.44368980213648,1698.0076233774596,9
301.1492572784285,1447.665809465377,11
16.034237459200632,1581.3886443462236,8
424.223003683454,1479.8427205072294,10
261.66692597790643,1989.1452032559387,9
206.76774862857255,292.38768235353893,11
224.03202037218443,1178.5917601803756,3
77.54652738844842,691.2010073758411,1
499.09360647992554,1285.6210624757298,11
380.05686035431944,1816.730394238906,19
426.9304478618718,1467.8906015222399,3
442.58351143917247,425.65682131331533,3
233.91760711177483,501.8259114807471,6
480.31667557596376,198.8931280047276,17
418.13881112291756,1118.6952909401061,19
65.70468065054652,269.1864192856003,4
493.4374223758751,254.97828769676295,8
98.7392710578572,1053.207437594046,1
228.0179452364865,1381.1991781785134,4
487.9262733596869,1646.7362105233092,2
81.29087436369198,1343.6862574792472,3
328.40478095912215,434.39062876975913,10
475.1423811438398,108.14302323752797,6
41.51190299644114,1800.63099454282,13
335.2693238676,1118.8006869236065,18
76.08825973598644,919.0531401933952,7
465.0245120720067,1508.1811213899052,15
162.7475924686024,144.7266877904601,20
418.3232388743041,425.9439208313181,8
253.46257367841838,503.8479098332949,8
120.83301515047836,1784.7587549220948,18
206.1688104465816,922.5762073899981,13
338.56081344678904,1300.8323300165591,7
15.81038994409816,104.456552138548,3
463.1303204653537,337.64532062320245,10
183.11133783325386,837.991943517531,15
178.12860964982121,558.5176626971689,13
476.16998173169003,806.2311766579212,3
184.78036958454572,636.2930979865041,15
156.92302728198376,995.7757549653443,3
437.2958692719784,705.6040102154225,1
147.50667144589914,1580.1122182236488,13
392.23289263390757,872.1060602475126,8
406.75936280062285,1888.7492381867887,6
113.68517576215554,1011.4163734672621,10
474.6668840261179,1079.1068788774921,2
33.908483931631594,144.93611641340766,18
103.25144321121464,1403.261031406764,6
454.9340512002988,597.9749059883868,12
90.65187867207068,1434.415521791929,17
428.0137591642896,1566.636047455637,3
377.7958628168867,243.4810330909223,19
373.6332494829417,1851.0306539942644,3
166.7723429314907,910.584441124667,15
422.75932325974696,903.6698840741316,5
423.9126301524439,1818.90832103897,5
176.36527396141628,1652.4943866188114,14
98.45840916355911,1972.7231512903031,11
104.83731814911798,723.0796406874455,12
251.58449052869415,780.8843338397886,3
73.495884091307,1158.051157950844,11
248.12106532403675,829.9637650926098,20
321.63140266238963,829.2418274387193,12
255.20289306829866,146.8870952241147,20
278.95631120847787,1134.6497095555749,6
318.86705277919907,235.36741764357993,13
289.83416138391766,128.8137111683994,11
497.22484793768183,263.90995054428004,7
421.0761991062684,1837.1931749194644,17
85.86681034746367,1257.052966473161,16
53.156154706305756,1894.1704065794593,7
489.83800829232223,786.9292262747846,11
281.039343802972,1256.4232043816774,11
396.0825636999964,1991.965770572773,12
46.970792016316246,909.6019896608633,12
46.84452868207443,665.2489824036294,7
318.25521361401866,1569.7129035840267,16
151.99041252232766,852.3325115530721,14
66.85183675148967,1588.0603987757395,2
123.40769900991407,459.0209149862012,19
211.81909989214017,1180.566659307302,4
63.1586416760691,887.5522228012866,11
198.8144463547988,1547.6763799898395,13
106.18883039989049,1569.7339307735447,16
92.27961029870549,1760.7081572217244,12
222.34528450593817,1704.345121494028,15
150.57835000678043,259.6745117173882,11
118.80040580058758,490.27061386271737,5
80.2728642968521,1731.9207794345643,15
332.5636424449829,1310.2272622886608,5
197.1817077845789,413.76878697941163,11
498.90679441610865,538.2475743827281,14
338.88898221461346,1863.950035478511,8
227.21254392780003,273.3114168790079,7
485.2913341817865,1164.7366013793649,5
465.9090841178906,1554.9916119734223,15
295.5135317498284,456.25551818350567,17
135.01392071778395,546.23428663138,8
236.3126473653155,297.84902326376715,11
23.61806458700865,383.5849900513545,14
121.28808908523673,1280.715404091996,19
487.81413367638805,297.09066406055626,1
15.06003912818557,123.64214346760801,15
458.24947268219825,251.45635837846896,9
493.1511567163385,1965.7262836361356,14
387.17807223702994,525.7871857777798,7
118.65530410619098,417.9130816862775,14
133.7535445523156,1637.7230706930868,1
165.7114395925069,1117.5734139641131,7
115.50934804104294,357.2072769533086,20
463.9937853124852,940.389059930517,19
55.35837079048928,1041.6327932033446,20
13.461078494907817,1513.7288594194365,4
310.58049603759656,902.1419240341872,18
208.93329373533257,1610.845498251998,20
56.86790395764796,1355.5686967932925,1
272.66268084355823,1864.36925131906,8
482.0098916649781,583.3548183337757,7
288.7096206562681,1959.0017538601314,9
238.1203580773735,912.4990911508329,13
446.0366300747112,1895.4488598911607,6
39.86688299071632,697.7543078226473,18
110.03436181605032,1528.4574548111855,10
198.66926114490974,223.5741269060504,17
457.204288206246,1240.1063527872095,11
56.1068711687479,665.0427499836707,4
275.59521556781664,990.3922327019739,20
88.91478063906128,1551.6995822856197,7
280.87124739729734,1352.7393518076065,16
237.08927521383194,247.63385252775078,20
333.7959404707253,1467.082717658415,5
426.2617692736915,338.22954312395734,11
358.8309456676669,1979.7467160828878,19
182.78145514997274,1166.5318853374145,15
421.8549796386464,1947.5199113290892,19
45.559252492306825,141.73031334197708,1
415.75036750724365,1374.4484034893553,6
206.70803893306046,828.4980002704971,14
397.1598468954485,978.9916479589236,10
390.69068627059477,301.70256265503593,19
354.6648100272676,1287.797429790169,3
100.29239167837764,514.5992407046742,2
412.42249764844547,718.3175530483015,10
75.58808727092192,1079.0459581016237,12
342.2692850605589,840.6660831941896,17
48.514191811538716,614.9049936691075,15
150.59955727993508,585.3783835885823,4
435.367777033824,872.4157641397899,18
380.3415431336637,1056.8252193227981,2
416.15170188137125,1768.7741173452455,12
450.3311166540169,142.77603176314153,9
170.3953073387193,652.0251522641029,9
223.20292054260977,505.894896669684,1
71.80247797509404,915.7546627665779,19
267.2924764422896,1095.9462630484666,16
454.40412186766116,1271.540611782228,13
402.1370059575616,1145.5864543796713,9
50.33353785557158,1724.1977531734549,7
481.3360198636752,1388.333184851342,14
272.7504093828531,1329.7124397224857,4
35.30078061599205,1675.3362414902317,6
441.95810599057995,611.6055239331382,9
166.4010782909801,1084.8573931624537,3
13.3756798715688,1549.8165575709559,7
212.90986415939216,970.957758063363,15
118.74038241335057,1405.7719325456699,1
114.53550118604886,425.25574931878646,18
207.844620937494,1588.4118604175187,7
251.82092207876065,442.50062619908584,17
284.7749277100417,214.96409943176457,10
379.75615836720016,868.3069157759343,2
417.82740446528095,1550.5791857116108,3
213.93442824135326,539.3223576865075,3
358.1328439585827,930.4340552726649,18
458.19048899215124,459.2497591704555,10
174.3290942525254,334.5224369649047,17
262.42295888436587,1513.3201003467004,13
461.83799241017596,471.63351563090515,13
190.91706924688572,1849.7975790810387,6
279.5175604214804,1562.3823641250256,3
347.48608718930547,1604.6319800612598,6
365.7652300484174,627.7553912252066,10
164.5891427200241,750.0415467085775,1
253.5156053129049,959.4493584365363,4
473.2103494401832,547.3301938285883,19
50.12469709073724,515.0070730579683,2
277.6884465632996,173.43834380378166,19
45.216879931029176,1564.0593214512203,19
408.99527957286193,680.1150116389009,1
96.98689048575017,1699.0846963755482,19
447.9436874809482,402.56228254620396,18
167.4543631247005,263.91107373421454,2
149.55392666270126,1553.0827516731547,13
277.72447393176014,1004.9048645836509,9
317.41860973967107,1626.898059494385,8
365.9041268853047,1844.5675210549427,10
122.28000504750621,1605.94854472683,11
129.87508153633058,1316.4228892125093,15
43.79280972161659,1578.2060583015345,5
486.29643073885404,1068.9580699604599,10
245.61979332806143,602.2645521246571,10
141.93971389348195,361.1957291501803,20
